"","cnm.08c","cnm.08x","cnm.09c","cnm.09x"
"SES",-8.80888394592036,-9.97844765109993,-5.39331219718377,-5.62453753032355
"lower.p",0,0,0,0
"upper.p",1,1,1,1
